{"rounds": [1, 2, 3, 4, 5, 6, 7, 8, 9, 10, 11, 12, 13, 14, 15, 16, 17, 18, 19, 20, 21, 22, 23, 24, 25, 26, 27, 28, 29, 30, 31, 32, 33, 34, 35, 36, 37, 38, 39, 40, 41, 42, 43, 44, 45, 46, 47, 48, 49, 50, 51, 52, 53, 54, 55, 56, 57, 58, 59, 60, 61, 62, 63, 64, 65, 66, 67, 68, 69, 70, 71, 72, 73, 74, 75, 76, 77, 78, 79, 80, 81, 82, 83, 84, 85, 86, 87, 88, 89, 90, 91, 92, 93, 94, 95, 96, 97, 98, 99, 100], "accuracy": [0.6060606060606061, 0.5454545454545454, 0.5757575757575757, 0.6666666666666666, 0.6060606060606061, 0.6666666666666666, 0.6969696969696969, 0.5757575757575758, 0.6363636363636364, 0.7575757575757575, 0.7272727272727274, 0.6969696969696969, 0.6060606060606061, 0.7272727272727272, 0.8181818181818182, 0.7575757575757575, 0.7575757575757575, 0.6969696969696969, 0.6363636363636364, 0.787878787878788, 0.787878787878788, 0.6969696969696969, 0.7575757575757577, 0.6060606060606061, 0.7575757575757577, 0.8181818181818182, 0.7575757575757575, 0.6666666666666666, 0.7575757575757577, 0.7878787878787877, 0.7878787878787877, 0.7575757575757577, 0.787878787878788, 0.8181818181818182, 0.7272727272727274, 0.8181818181818182, 0.6969696969696969, 0.8181818181818182, 0.787878787878788, 0.8787878787878789, 0.8484848484848485, 0.8181818181818182, 0.7575757575757577, 0.8484848484848485, 0.787878787878788, 0.8181818181818182, 0.6666666666666666, 0.7575757575757577, 0.7272727272727274, 0.7272727272727272, 0.6969696969696969, 0.7272727272727272, 0.7272727272727272, 0.8181818181818182, 0.7575757575757575, 0.7878787878787877, 0.7272727272727272, 0.6969696969696969, 0.787878787878788, 0.8787878787878789, 0.7272727272727272, 0.7272727272727272, 0.8181818181818182, 0.8080808080808082, 0.7575757575757575, 0.7727272727272727, 0.8181818181818181, 0.8181818181818182, 0.8181818181818181, 0.8181818181818182, 0.7727272727272727, 0.8787878787878788, 0.8484848484848485, 0.9090909090909092, 0.9090909090909092, 0.8181818181818182, 0.9090909090909092, 0.8383838383838385, 0.8181818181818182, 0.8585858585858586, 0.8636363636363636, 0.8686868686868688, 0.9090909090909091, 0.7727272727272727, 0.8181818181818181, 0.8181818181818182, 0.8636363636363636, 0.8686868686868687, 0.8888888888888888, 0.7272727272727273, 0.7727272727272727, 0.9090909090909091, 0.8686868686868688, 0.8636363636363636, 0.9191919191919192, 1.0, 0.8686868686868688, 0.9090909090909092, 0.8787878787878789, 0.8787878787878788], "loss": [0.6865736643473307, 0.6891939640045166, 0.6808181802431742, 0.6808884541193644, 0.6782580812772115, 0.679416298866272, 0.6708961725234985, 0.6754091382026672, 0.6675191124280294, 0.6522006789843241, 0.6519712209701538, 0.6599555214246114, 0.6576893329620361, 0.6372902790705363, 0.6454242070515951, 0.630804439385732, 0.6260509292284647, 0.6347776452700297, 0.6318562428156534, 0.6029300093650818, 0.6026456952095032, 0.5997398296991984, 0.6105440656344095, 0.611573060353597, 0.5859125852584839, 0.5655195514361063, 0.5669914484024048, 0.5738728046417236, 0.529338558514913, 0.52541184425354, 0.5246404508749644, 0.5333558221658071, 0.4999779562155406, 0.503845343987147, 0.5149089992046356, 0.47610121965408325, 0.5269967913627625, 0.4169243673483531, 0.4551868538061778, 0.39432719349861145, 0.43677077690760296, 0.47336237629254657, 0.460725059111913, 0.419040044148763, 0.404992014169693, 0.44997496406237286, 0.5298001170158386, 0.42490766445795697, 0.41301584243774414, 0.4836910367012024, 0.47477712233861286, 0.46897680560747784, 0.48619269331296283, 0.44576408465703327, 0.45418182015419006, 0.4168610672156016, 0.49026604493459064, 0.4351738591988881, 0.41260915001233417, 0.3591730197270711, 0.443784495194753, 0.4435878098011017, 0.37324921290079754, 0.38590386178758407, 0.44337746500968933, 0.3918003588914871, 0.3865000456571579, 0.4742666482925415, 0.41690053045749664, 0.3413870632648468, 0.2981153801083565, 0.30076102415720624, 0.3493604063987732, 0.3542960584163666, 0.2815658499797185, 0.3570743401845296, 0.3063688278198242, 0.34333925942579907, 0.3566793253024419, 0.359735283586714, 0.3386995494365692, 0.3532561543915007, 0.28107863664627075, 0.40323013067245483, 0.35394269973039627, 0.3006726801395416, 0.32691759169101714, 0.3486534555753072, 0.33371154467264813, 0.46377885341644287, 0.4807347357273102, 0.2708894610404968, 0.3311103847291734, 0.3482348322868347, 0.29881030321121216, 0.19610334932804108, 0.29332154658105636, 0.286209096511205, 0.3722302218278249, 0.26062194506327313], "num_clients": [3, 2, 3, 3, 3, 3, 3, 3, 3, 3, 3, 3, 3, 3, 3, 3, 3, 3, 3, 3, 3, 3, 3, 3, 3, 3, 3, 3, 3, 3, 3, 3, 3, 3, 3, 3, 3, 3, 3, 3, 3, 3, 3, 3, 3, 3, 3, 3, 3, 3, 3, 3, 3, 3, 3, 3, 3, 3, 3, 3, 3, 3, 3, 9, 3, 2, 2, 1, 2, 2, 2, 3, 3, 2, 3, 3, 2, 9, 9, 9, 2, 9, 1, 2, 2, 1, 10, 9, 9, 1, 2, 2, 9, 2, 9, 1, 9, 3, 3, 3], "rewards": [0.576060606060606, 0.5254545454545454, 0.5457575757575757, 0.6366666666666666, 0.576060606060606, 0.6366666666666666, 0.6669696969696969, 0.5457575757575758, 0.6063636363636363, 0.7275757575757574, 0.6972727272727274, 0.6669696969696969, 0.576060606060606, 0.6972727272727272, 0.7881818181818182, 0.7275757575757574, 0.7275757575757574, 0.6669696969696969, 0.6063636363636363, 0.7578787878787879, 0.7578787878787879, 0.6669696969696969, 0.7275757575757577, 0.576060606060606, 0.7275757575757577, 0.7881818181818182, 0.7275757575757574, 0.6366666666666666, 0.7275757575757577, 0.7578787878787877, 0.7578787878787877, 0.7275757575757577, 0.7578787878787879, 0.7881818181818182, 0.6972727272727274, 0.7881818181818182, 0.6669696969696969, 0.7881818181818182, 0.7578787878787879, 0.8487878787878789, 0.8184848484848485, 0.7881818181818182, 0.7275757575757577, 0.8184848484848485, 0.7578787878787879, 0.7881818181818182, 0.6366666666666666, 0.7275757575757577, 0.6972727272727274, 0.6972727272727272, 0.6669696969696969, 0.6972727272727272, 0.6972727272727272, 0.7881818181818182, 0.7275757575757574, 0.7578787878787877, 0.6972727272727272, 0.6669696969696969, 0.7578787878787879, 0.8487878787878789, 0.6972727272727272, 0.6972727272727272, 0.7881818181818182, 0.7180808080808082, 0.7275757575757574, 0.7527272727272727, 0.7981818181818181, 0.8081818181818182, 0.7981818181818181, 0.7981818181818182, 0.7527272727272727, 0.8487878787878788, 0.8184848484848485, 0.8890909090909092, 0.8790909090909091, 0.7881818181818182, 0.8890909090909092, 0.7483838383838385, 0.7281818181818183, 0.7685858585858586, 0.8436363636363636, 0.7786868686868689, 0.899090909090909, 0.7527272727272727, 0.7981818181818181, 0.8081818181818182, 0.7636363636363637, 0.7786868686868688, 0.7988888888888889, 0.7172727272727273, 0.7527272727272727, 0.889090909090909, 0.7786868686868689, 0.8436363636363636, 0.8291919191919193, 0.99, 0.7786868686868689, 0.8790909090909091, 0.8487878787878789, 0.8487878787878788]}