{"rounds": [1, 2, 3, 4, 5, 6, 7, 8, 9, 10, 11, 12, 13, 14, 15, 16, 17, 18, 19, 20, 21, 22, 23, 24, 25, 26, 27, 28, 29, 30, 31, 32, 33, 34, 35, 36, 37, 38, 39, 40, 41, 42, 43, 44, 45, 46, 47, 48, 49, 50, 51, 52, 53, 54, 55, 56, 57, 58, 59, 60, 61, 62, 63, 64, 65, 66, 67, 68, 69, 70, 71, 72, 73, 74, 75, 76, 77, 78, 79, 80, 81, 82, 83, 84, 85, 86, 87, 88, 89, 90, 91, 92, 93, 94, 95, 96, 97, 98, 99, 100], "accuracy": [0.45454545454545453, 0.5, 0.7272727272727273, 0.6883116883116883, 0.7171717171717172, 0.7727272727272727, 0.7012987012987013, 0.7181818181818181, 0.7532467532467534, 0.7727272727272728, 0.7142857142857144, 0.7792207792207793, 0.787878787878788, 0.7272727272727273, 0.7727272727272727, 0.7777777777777779, 0.712121212121212, 0.7532467532467532, 0.7424242424242425, 0.7272727272727273, 0.7272727272727273, 0.8181818181818182, 0.7454545454545455, 0.787878787878788, 0.781818181818182, 0.8181818181818182, 0.7727272727272727, 0.8636363636363636, 0.7575757575757578, 0.75, 0.7727272727272727, 0.7662337662337662, 0.7954545454545454, 0.787878787878788, 0.8181818181818181, 0.7575757575757577, 0.7727272727272727, 0.8181818181818182, 0.7727272727272727, 0.7424242424242423, 0.8787878787878789, 0.7954545454545454, 0.8, 0.6363636363636364, 0.8181818181818183, 0.7954545454545454, 0.7575757575757577, 0.7727272727272728, 0.7909090909090911, 0.8484848484848485, 0.8, 0.7727272727272727, 0.8636363636363636, 0.8181818181818182, 0.7272727272727273, 0.8181818181818182, 0.8282828282828284, 0.8181818181818182, 0.7272727272727273, 0.8051948051948052, 0.8636363636363636, 0.7818181818181819, 0.7922077922077922, 0.8181818181818183, 0.8181818181818182, 0.8409090909090909, 0.8181818181818183, 0.8311688311688312, 0.8571428571428573, 0.8181818181818182, 0.8409090909090909, 0.7954545454545456, 0.8484848484848485, 0.8484848484848486, 0.8636363636363636, 0.8454545454545455, 0.8545454545454547, 0.8484848484848485, 0.7272727272727273, 0.8787878787878789, 0.8441558441558443, 0.8181818181818182, 0.8484848484848486, 0.8181818181818181, 0.781818181818182, 0.8636363636363636, 0.7575757575757575, 0.8585858585858586, 0.8636363636363638, 0.8, 0.8545454545454545, 1.0, 0.8522727272727273, 0.8961038961038961, 0.8181818181818182, 0.8441558441558442, 0.9318181818181819, 0.8636363636363638, 0.8484848484848485, 0.8750000000000001], "loss": [0.6965370774269104, 0.6878161827723185, 0.6847257018089294, 0.676012464932033, 0.673444304201338, 0.6688909828662872, 0.6672681740352085, 0.6630735635757447, 0.6537917596953255, 0.6519216597080231, 0.6486818620136806, 0.6393980554171971, 0.6311401459905837, 0.6387147605419159, 0.6208772778511047, 0.6121641861067878, 0.6140523254871368, 0.596811558519091, 0.6024066011110941, 0.5897484496235847, 0.590248167514801, 0.5408468246459961, 0.5698161602020264, 0.5373935302098592, 0.5404501378536224, 0.48998191952705383, 0.5334766134619713, 0.4879385977983475, 0.5076188676887088, 0.5064418241381645, 0.5024282038211823, 0.4909539989062718, 0.4632863700389862, 0.46074798703193665, 0.43654173612594604, 0.45445860425631207, 0.48604873567819595, 0.40882718563079834, 0.45588644593954086, 0.4734847942988078, 0.36864014466603595, 0.43331122770905495, 0.4346122533082962, 0.5715405344963074, 0.41752265952527523, 0.4080864489078522, 0.45554988582928974, 0.44642528146505356, 0.41982172429561615, 0.3830250600973765, 0.4305760085582733, 0.4098178371787071, 0.404433012008667, 0.34274938702583313, 0.4707660973072052, 0.33798134326934814, 0.37771543860435486, 0.39351384341716766, 0.4822748303413391, 0.3874816085611071, 0.3371805474162102, 0.4049686074256897, 0.40031289415700094, 0.37190624326467514, 0.3813739735633135, 0.371944323182106, 0.3722426474094391, 0.3773474097251892, 0.35624424261706217, 0.37313432060182095, 0.4073365591466427, 0.39891139790415764, 0.3475383586353726, 0.35585351453887093, 0.34599751234054565, 0.36343957781791686, 0.34816743433475494, 0.3509322504202525, 0.44621947407722473, 0.3258766482273738, 0.3631507477590016, 0.3817005703846614, 0.33821125162972343, 0.32005396485328674, 0.3832085609436035, 0.33131828904151917, 0.39896223942438763, 0.33153187069627976, 0.3523653745651245, 0.3901925653219223, 0.34031772464513776, 0.3856479823589325, 0.3300416674464941, 0.30004959659917013, 0.3765164315700531, 0.34243160699095043, 0.27074669674038887, 0.3145320887366931, 0.3035124291976293, 0.30715350806713104], "num_clients": [1, 6, 1, 7, 9, 2, 7, 10, 7, 4, 7, 7, 9, 4, 10, 9, 6, 7, 6, 8, 1, 2, 5, 6, 10, 1, 4, 2, 9, 8, 4, 7, 4, 3, 5, 3, 4, 1, 4, 6, 3, 8, 10, 1, 8, 4, 6, 6, 10, 3, 5, 8, 2, 1, 2, 1, 9, 8, 1, 7, 6, 5, 7, 6, 8, 4, 10, 7, 7, 8, 4, 8, 9, 9, 4, 10, 5, 9, 2, 3, 7, 3, 9, 5, 5, 2, 3, 9, 6, 5, 10, 1, 8, 7, 1, 7, 4, 6, 3, 8], "rewards": [0.4445454545454545, 0.44, 0.7172727272727273, 0.6183116883116884, 0.6271717171717173, 0.7527272727272727, 0.6312987012987012, 0.6181818181818182, 0.6832467532467534, 0.7327272727272728, 0.6442857142857144, 0.7092207792207792, 0.697878787878788, 0.6872727272727273, 0.6727272727272727, 0.6877777777777779, 0.6521212121212121, 0.6832467532467532, 0.6824242424242426, 0.6472727272727273, 0.7172727272727273, 0.7981818181818182, 0.6954545454545454, 0.727878787878788, 0.681818181818182, 0.8081818181818182, 0.7327272727272727, 0.8436363636363636, 0.6675757575757578, 0.67, 0.7327272727272727, 0.6962337662337661, 0.7554545454545454, 0.7578787878787879, 0.7681818181818181, 0.7275757575757577, 0.7327272727272727, 0.8081818181818182, 0.7327272727272727, 0.6824242424242424, 0.8487878787878789, 0.7154545454545455, 0.7000000000000001, 0.6263636363636363, 0.7381818181818184, 0.7554545454545454, 0.6975757575757577, 0.7127272727272729, 0.6909090909090911, 0.8184848484848485, 0.75, 0.6927272727272727, 0.8436363636363636, 0.8081818181818182, 0.7072727272727273, 0.8081818181818182, 0.7382828282828284, 0.7381818181818183, 0.7172727272727273, 0.7351948051948052, 0.8036363636363637, 0.7318181818181818, 0.7222077922077923, 0.7581818181818183, 0.7381818181818183, 0.8009090909090909, 0.7181818181818184, 0.7611688311688312, 0.7871428571428574, 0.7381818181818183, 0.8009090909090909, 0.7154545454545457, 0.7584848484848485, 0.7584848484848487, 0.8236363636363636, 0.7454545454545455, 0.8045454545454547, 0.7584848484848485, 0.7072727272727273, 0.8487878787878789, 0.7741558441558443, 0.7881818181818182, 0.7584848484848487, 0.7681818181818181, 0.7318181818181819, 0.8436363636363636, 0.7275757575757574, 0.7685858585858586, 0.8036363636363637, 0.75, 0.7545454545454545, 0.99, 0.7722727272727273, 0.826103896103896, 0.8081818181818182, 0.7741558441558443, 0.8918181818181818, 0.8036363636363637, 0.8184848484848485, 0.7950000000000002]}