{"rounds": [1, 2, 3, 4, 5, 6, 7, 8, 9, 10], "accuracy": [0.5952380952380952, 0.634920634920635, 0.6666666666666666, 0.7619047619047619, 0.7333333333333334, 0.761904761904762, 0.7857142857142857, 0.8095238095238095, 0.7619047619047619, 0.7738095238095237], "loss": [1.3497445434331894, 1.3128364483515422, 1.2736958463986714, 1.2419260144233704, 1.202235496044159, 1.1529281675815581, 1.1037176698446274, 1.11062952876091, 0.9914830699563026, 0.9997298792004585], "num_clients": [4, 3, 3, 1, 5, 5, 4, 1, 4, 4], "rewards": [0.5552380952380952, 0.604920634920635, 0.6366666666666666, 0.7519047619047619, 0.6833333333333333, 0.7119047619047619, 0.7457142857142857, 0.7995238095238095, 0.7219047619047618, 0.7338095238095237]}