{"rounds": [1, 2, 3, 4, 5, 6, 7, 8, 9, 10, 11, 12, 13, 14, 15, 16, 17, 18, 19, 20, 21, 22, 23, 24, 25], "accuracy": [0.5454545454545455, 0.7727272727272727, 0.5454545454545454, 0.7142857142857143, 0.7, 0.7727272727272727, 0.7272727272727273, 0.7676767676767677, 0.690909090909091, 0.7272727272727272, 0.7000000000000002, 0.8636363636363636, 0.7922077922077922, 0.8636363636363636, 0.781818181818182, 0.8636363636363638, 0.7454545454545455, 0.7727272727272727, 0.8181818181818182, 0.7954545454545454, 0.8051948051948054, 0.7532467532467534, 0.7954545454545455, 0.8181818181818182, 0.7818181818181819], "loss": [0.6895805448293686, 0.6752249896526337, 0.6806227962176005, 0.6655285443578448, 0.6592559278011322, 0.6501774489879608, 0.6499149799346924, 0.6392176548639933, 0.6357312679290772, 0.6430147091547648, 0.621581107378006, 0.5976781845092773, 0.607444737638746, 0.5768609046936035, 0.5872893333435059, 0.5569436550140381, 0.584396505355835, 0.5661265015602112, 0.5346602201461792, 0.5484431982040405, 0.5344056487083435, 0.5523838017668042, 0.5322949811816216, 0.5148508995771408, 0.5211501717567444], "num_clients": [4, 2, 3, 7, 10, 2, 1, 9, 10, 3, 10, 2, 7, 2, 10, 6, 5, 10, 1, 4, 7, 7, 8, 2, 5], "rewards": [0.5054545454545455, 0.7527272727272727, 0.5154545454545454, 0.6442857142857144, 0.6, 0.7527272727272727, 0.7172727272727273, 0.6776767676767678, 0.590909090909091, 0.6972727272727272, 0.6000000000000002, 0.8436363636363636, 0.7222077922077923, 0.8436363636363636, 0.681818181818182, 0.8036363636363637, 0.6954545454545454, 0.6727272727272727, 0.8081818181818182, 0.7554545454545454, 0.7351948051948054, 0.6832467532467534, 0.7154545454545456, 0.7981818181818182, 0.7318181818181818]}