{
  "losses_distributed": [
    [
      1,
      0.5932664722204208
    ],
    [
      2,
      0.4082474410533905
    ],
    [
      3,
      0.32961317524313927
    ]
  ],
  "losses_centralized": [],
  "metrics_distributed": {
    "accuracy": [
      [
        1,
        0.8160377358490566
      ],
      [
        2,
        0.8018867924528302
      ],
      [
        3,
        0.8349056603773585
      ]
    ]
  },
  "metrics_centralized": {}
}