{
  "losses_distributed": [
    [
      1,
      0.6355470418930054
    ],
    [
      2,
      0.4787205159664154
    ],
    [
      3,
      0.4082135483622551
    ]
  ],
  "losses_centralized": [],
  "metrics_distributed": {
    "accuracy": [
      [
        1,
        0.6650943396226415
      ],
      [
        2,
        0.7547169811320755
      ],
      [
        3,
        0.7971698113207547
      ]
    ]
  },
  "metrics_centralized": {}
}